"indice_tiempo","visitas","residencia"
2003-01-01,2932,"Total"
2003-02-01,1934,"Total"
2003-03-01,2150,"Total"
2003-04-01,3618,"Total"
2003-05-01,2337,"Total"
2003-06-01,1951,"Total"
2003-07-01,9591,"Total"
2003-08-01,4955,"Total"
2003-09-01,4485,"Total"
2003-10-01,3990,"Total"
2003-11-01,1687,"Total"
2003-12-01,874,"Total"
2004-01-01,3191,"Total"
2004-02-01,2711,"Total"
2004-03-01,2080,"Total"
2004-04-01,5572,"Total"
2004-05-01,2632,"Total"
2004-06-01,2399,"Total"
2004-07-01,11474,"Total"
2004-08-01,5057,"Total"
2004-09-01,4401,"Total"
2004-10-01,4490,"Total"
2004-11-01,1968,"Total"
2004-12-01,1100,"Total"
2005-01-01,4122,"Total"
2005-02-01,3261,"Total"
2005-03-01,5105,"Total"
2005-04-01,2587,"Total"
2005-05-01,2955,"Total"
2005-06-01,3115,"Total"
2005-07-01,12037,"Total"
2005-08-01,6009,"Total"
2005-09-01,5236,"Total"
2005-10-01,5492,"Total"
2005-11-01,2869,"Total"
2005-12-01,1807,"Total"
2006-01-01,4856,"Total"
2006-02-01,3899,"Total"
2006-03-01,3578,"Total"
2006-04-01,7102,"Total"
2006-05-01,4315,"Total"
2006-06-01,3218,"Total"
2006-07-01,12795,"Total"
2006-08-01,7318,"Total"
2006-09-01,6124,"Total"
2006-10-01,5017,"Total"
2006-11-01,3116,"Total"
2006-12-01,1837,"Total"
2007-01-01,6394,"Total"
2007-02-01,5241,"Total"
2007-03-01,3982,"Total"
2007-04-01,9989,"Total"
2007-05-01,4352,"Total"
2007-06-01,3964,"Total"
2007-07-01,14718,"Total"
2007-08-01,7712,"Total"
2007-09-01,6787,"Total"
2007-10-01,7460,"Total"
2007-11-01,4516,"Total"
2007-12-01,2476,"Total"
2008-01-01,6505,"Total"
2008-02-01,5911,"Total"
2008-03-01,8158,"Total"
2008-04-01,3821,"Total"
2008-05-01,4568,"Total"
2008-06-01,3033,"Total"
2008-07-01,13354,"Total"
2008-08-01,11146,"Total"
2008-09-01,6155,"Total"
2008-10-01,8264,"Total"
2008-11-01,3395,"Total"
2008-12-01,2734,"Total"
2009-01-01,7308,"Total"
2009-02-01,5180,"Total"
2009-03-01,3632,"Total"
2009-04-01,6359,"Total"
2009-05-01,4611,"Total"
2009-06-01,3217,"Total"
2009-07-01,14746,"Total"
2009-08-01,6025,"Total"
2009-09-01,6029,"Total"
2009-10-01,7665,"Total"
2009-11-01,3532,"Total"
2009-12-01,2159,"Total"
2010-01-01,7403,"Total"
2010-02-01,4887,"Total"
2010-03-01,3872,"Total"
2010-04-01,6867,"Total"
2010-05-01,6455,"Total"
2010-06-01,3325,"Total"
2010-07-01,14429,"Total"
2010-08-01,6547,"Total"
2010-09-01,6728,"Total"
2010-10-01,8768,"Total"
2010-11-01,4425,"Total"
2010-12-01,1658,"Total"
2011-01-01,7588,"Total"
2011-02-01,4318,"Total"
2011-03-01,7784,"Total"
2011-04-01,7369,"Total"
2011-05-01,4584,"Total"
2011-06-01,4372,"Total"
2011-07-01,15400,"Total"
2011-08-01,7324,"Total"
2011-09-01,8488,"Total"
2011-10-01,8890,"Total"
2011-11-01,3380,"Total"
2011-12-01,2360,"Total"
2012-01-01,7168,"Total"
2012-02-01,5521,"Total"
2012-03-01,3959,"Total"
2012-04-01,10155,"Total"
2012-05-01,5114,"Total"
2012-06-01,3721,"Total"
2012-07-01,17210,"Total"
2012-08-01,6985,"Total"
2012-09-01,12793,"Total"
2012-10-01,8260,"Total"
2012-11-01,4452,"Total"
2012-12-01,1522,"Total"
2013-01-01,6890,"Total"
2013-02-01,4739,"Total"
2013-03-01,10256,"Total"
2013-04-01,5817,"Total"
2013-05-01,4558,"Total"
2013-06-01,9096,"Total"
2013-07-01,17466,"Total"
2013-08-01,7061,"Total"
2013-09-01,13514,"Total"
2013-10-01,8218,"Total"
2013-11-01,6593,"Total"
2013-12-01,1409,"Total"
2014-01-01,5492,"Total"
2014-02-01,2943,"Total"
2014-03-01,4603,"Total"
2014-04-01,7188,"Total"
2014-05-01,6060,"Total"
2014-06-01,4326,"Total"
2014-07-01,17400,"Total"
2014-08-01,8245,"Total"
2014-09-01,12903,"Total"
2014-10-01,7927,"Total"
2014-11-01,5180,"Total"
2014-12-01,2554,"Total"
2015-01-01,7187,"Total"
2015-02-01,6245,"Total"
2015-03-01,5527,"Total"
2015-04-01,8242,"Total"
2015-05-01,7094,"Total"
2015-06-01,4228,"Total"
2015-07-01,19881,"Total"
2015-08-01,8218,"Total"
2015-09-01,7647,"Total"
2015-10-01,6312,"Total"
2015-11-01,3558,"Total"
2015-12-01,2339,"Total"
2016-01-01,5420,"Total"
2016-02-01,4052,"Total"
2016-03-01,6669,"Total"
2016-04-01,3440,"Total"
2016-05-01,4095,"Total"
2016-06-01,4553,"Total"
2016-07-01,20948,"Total"
2016-08-01,6823,"Total"
2016-09-01,6511,"Total"
2016-10-01,8901,"Total"
2016-11-01,4349,"Total"
2016-12-01,1672,"Total"
2017-01-01,6340,"Total"
2017-02-01,3642,"Total"
2017-03-01,3252,"Total"
2017-04-01,6898,"Total"
2017-05-01,4441,"Total"
2017-06-01,2955,"Total"
2017-07-01,18466,"Total"
2017-08-01,7571,"Total"
2017-09-01,7711,"Total"
2017-10-01,8483,"Total"
2017-11-01,4518,"Total"
2017-12-01,1718,"Total"
2018-01-01,5762,"Total"
2018-02-01,3519,"Total"
2018-03-01,7990,"Total"
2018-04-01,7003,"Total"
2018-05-01,5163,"Total"
2018-06-01,3310,"Total"
2018-07-01,17929,"Total"
2018-08-01,6985,"Total"
2018-09-01,9049,"Total"
2018-10-01,7773,"Total"
2018-11-01,4936,"Total"
2018-12-01,1924,"Total"
2019-01-01,6217,"Total"
2019-02-01,4316,"Total"
2019-03-01,6130,"Total"
2019-04-01,7214,"Total"
2019-05-01,5269,"Total"
2019-06-01,5913,"Total"
2019-07-01,21294,"Total"
2019-08-01,8010,"Total"
2019-09-01,8410,"Total"
2019-10-01,7069,"Total"
2019-11-01,4825,"Total"
2019-12-01,1764,"Total"
2020-01-01,4325,"Total"
2020-02-01,4720,"Total"
2020-03-01,680,"Total"
2020-04-01,0,"Total"
2020-05-01,0,"Total"
2020-06-01,0,"Total"
2020-07-01,1859,"Total"
2020-08-01,280,"Total"
2020-09-01,0,"Total"
2020-10-01,0,"Total"
2020-11-01,300,"Total"
2020-12-01,320,"Total"
2021-01-01,3469,"Total"
2021-02-01,3416,"Total"
2021-03-01,2619,"Total"
2021-04-01,2853,"Total"
2021-05-01,519,"Total"
2021-06-01,259,"Total"
2021-07-01,13250,"Total"
2021-08-01,7200,"Total"
2021-09-01,8234,"Total"
2021-10-01,12314,"Total"
2021-11-01,8560,"Total"
2021-12-01,3351,"Total"
2022-01-01,8285,"Total"
2022-02-01,8700,"Total"
2022-03-01,8430,"Total"
2022-04-01,12767,"Total"
2022-05-01,6999,"Total"
2022-06-01,8228,"Total"
2022-07-01,30529,"Total"
2022-08-01,9896,"Total"
2022-09-01,19636,"Total"
2022-10-01,15814,"Total"
2022-11-01,9192,"Total"
2022-12-01,2422,"Total"
2023-01-01,8706,"Total"
2023-02-01,6963,"Total"
2023-03-01,5478,"Total"
2023-04-01,10747,"Total"
2023-05-01,12310,"Total"
2023-06-01,12260,"Total"
2023-07-01,36491,"Total"
2023-08-01,10472,"Total"
2023-09-01,13178,"Total"
2023-10-01,14157,"Total"
2023-11-01,5760,"Total"
2023-12-01,2775,"Total"
2024-01-01,6374,"Total"
2024-02-01,4181,"Total"
2024-03-01,5832,"Total"
2024-04-01,6522,"Total"
2024-05-01,5026,"Total"
2024-06-01,8923,"Total"
2024-07-01,18627,"Total"
2024-08-01,5958,"Total"
2024-09-01,9581,"Total"
2024-10-01,8828,"Total"
2024-11-01,5404,"Total"
2024-12-01,1933,"Total"
2025-01-01,3753,"Total"
2025-02-01,2276,"Total"
2024-01-01,6001,"Residentes"
2024-01-01,373,"No residentes"
2024-02-01,3892,"Residentes"
2024-02-01,289,"No residentes"
2024-03-01,5227,"Residentes"
2024-03-01,605,"No residentes"
2024-04-01,6385,"Residentes"
2024-04-01,137,"No residentes"
2024-05-01,4695,"Residentes"
2024-05-01,331,"No residentes"
2024-06-01,8853,"Residentes"
2024-06-01,70,"No residentes"
2024-07-01,18378,"Residentes"
2024-07-01,249,"No residentes"
2024-08-01,5727,"Residentes"
2024-08-01,231,"No residentes"
2024-09-01,9304,"Residentes"
2024-09-01,277,"No residentes"
2024-10-01,8567,"Residentes"
2024-10-01,261,"No residentes"
2024-11-01,5024,"Residentes"
2024-11-01,380,"No residentes"
2024-12-01,1735,"Residentes"
2024-12-01,198,"No residentes"
2025-01-01,3516,"Residentes"
2025-01-01,237,"No residentes"
2025-02-01,2114,"Residentes"
2025-02-01,162,"No residentes"
