indice_tiempo,area_protegida,visitas
2015-01-01,Reducciones Jesuiticas,22854
2015-01-01,Espectaculo de Imagen y Sonido,NA
2015-01-01,Parque Provincial Mocona,NA
2015-01-01,Parque Provincial Salto Encantado,9519
2015-01-01,Parque Tematico de la Cruz,6318
2015-02-01,Reducciones Jesuiticas,17877
2015-02-01,Espectaculo de Imagen y Sonido,NA
2015-02-01,Parque Provincial Mocona,NA
2015-02-01,Parque Provincial Salto Encantado,6305
2015-02-01,Parque Tematico de la Cruz,4524
2015-03-01,Reducciones Jesuiticas,12116
2015-03-01,Espectaculo de Imagen y Sonido,1035
2015-03-01,Parque Provincial Mocona,NA
2015-03-01,Parque Provincial Salto Encantado,2851
2015-03-01,Parque Tematico de la Cruz,2827
2015-04-01,Reducciones Jesuiticas,14315
2015-04-01,Espectaculo de Imagen y Sonido,1451
2015-04-01,Parque Provincial Mocona,NA
2015-04-01,Parque Provincial Salto Encantado,2837
2015-04-01,Parque Tematico de la Cruz,4136
2015-05-01,Reducciones Jesuiticas,11331
2015-05-01,Espectaculo de Imagen y Sonido,911
2015-05-01,Parque Provincial Mocona,NA
2015-05-01,Parque Provincial Salto Encantado,1792
2015-05-01,Parque Tematico de la Cruz,2171
2015-06-01,Reducciones Jesuiticas,9185
2015-06-01,Espectaculo de Imagen y Sonido,610
2015-06-01,Parque Provincial Mocona,NA
2015-06-01,Parque Provincial Salto Encantado,1425
2015-06-01,Parque Tematico de la Cruz,1501
2015-07-01,Reducciones Jesuiticas,39855
2015-07-01,Espectaculo de Imagen y Sonido,3068
2015-07-01,Parque Provincial Mocona,NA
2015-07-01,Parque Provincial Salto Encantado,5699
2015-07-01,Parque Tematico de la Cruz,6191
2015-08-01,Reducciones Jesuiticas,14631
2015-08-01,Espectaculo de Imagen y Sonido,1249
2015-08-01,Parque Provincial Mocona,NA
2015-08-01,Parque Provincial Salto Encantado,2762
2015-08-01,Parque Tematico de la Cruz,2869
2015-09-01,Reducciones Jesuiticas,19185
2015-09-01,Espectaculo de Imagen y Sonido,2963
2015-09-01,Parque Provincial Mocona,NA
2015-09-01,Parque Provincial Salto Encantado,3117
2015-09-01,Parque Tematico de la Cruz,3075
2015-10-01,Reducciones Jesuiticas,12639
2015-10-01,Espectaculo de Imagen y Sonido,719
2015-10-01,Parque Provincial Mocona,NA
2015-10-01,Parque Provincial Salto Encantado,3107
2015-10-01,Parque Tematico de la Cruz,2027
2015-11-01,Reducciones Jesuiticas,11102
2015-11-01,Espectaculo de Imagen y Sonido,NA
2015-11-01,Parque Provincial Mocona,NA
2015-11-01,Parque Provincial Salto Encantado,2432
2015-11-01,Parque Tematico de la Cruz,2182
2015-12-01,Reducciones Jesuiticas,7746
2015-12-01,Espectaculo de Imagen y Sonido,NA
2015-12-01,Parque Provincial Mocona,NA
2015-12-01,Parque Provincial Salto Encantado,3318
2015-12-01,Parque Tematico de la Cruz,1199
2016-01-01,Reducciones Jesuiticas,16759
2016-01-01,Espectaculo de Imagen y Sonido,NA
2016-01-01,Parque Provincial Mocona,3136
2016-01-01,Parque Provincial Salto Encantado,7174
2016-01-01,Parque Tematico de la Cruz,4141
2016-02-01,Reducciones Jesuiticas,10621
2016-02-01,Espectaculo de Imagen y Sonido,NA
2016-02-01,Parque Provincial Mocona,640
2016-02-01,Parque Provincial Salto Encantado,3892
2016-02-01,Parque Tematico de la Cruz,2390
2016-03-01,Reducciones Jesuiticas,10337
2016-03-01,Espectaculo de Imagen y Sonido,163
2016-03-01,Parque Provincial Mocona,623
2016-03-01,Parque Provincial Salto Encantado,1689
2016-03-01,Parque Tematico de la Cruz,1455
2016-04-01,Reducciones Jesuiticas,6163
2016-04-01,Espectaculo de Imagen y Sonido,316
2016-04-01,Parque Provincial Mocona,691
2016-04-01,Parque Provincial Salto Encantado,941
2016-04-01,Parque Tematico de la Cruz,973
2016-05-01,Reducciones Jesuiticas,6393
2016-05-01,Espectaculo de Imagen y Sonido,238
2016-05-01,Parque Provincial Mocona,411
2016-05-01,Parque Provincial Salto Encantado,762
2016-05-01,Parque Tematico de la Cruz,808
2016-06-01,Reducciones Jesuiticas,8730
2016-06-01,Espectaculo de Imagen y Sonido,681
2016-06-01,Parque Provincial Mocona,857
2016-06-01,Parque Provincial Salto Encantado,1309
2016-06-01,Parque Tematico de la Cruz,1517
2016-07-01,Reducciones Jesuiticas,38281
2016-07-01,Espectaculo de Imagen y Sonido,3319
2016-07-01,Parque Provincial Mocona,5892
2016-07-01,Parque Provincial Salto Encantado,5342
2016-07-01,Parque Tematico de la Cruz,5488
2016-08-01,Reducciones Jesuiticas,12709
2016-08-01,Espectaculo de Imagen y Sonido,1289
2016-08-01,Parque Provincial Mocona,2167
2016-08-01,Parque Provincial Salto Encantado,1900
2016-08-01,Parque Tematico de la Cruz,2054
2016-09-01,Reducciones Jesuiticas,17349
2016-09-01,Espectaculo de Imagen y Sonido,1915
2016-09-01,Parque Provincial Mocona,2481
2016-09-01,Parque Provincial Salto Encantado,2375
2016-09-01,Parque Tematico de la Cruz,1866
2016-10-01,Reducciones Jesuiticas,17361
2016-10-01,Espectaculo de Imagen y Sonido,1627
2016-10-01,Parque Provincial Mocona,2665
2016-10-01,Parque Provincial Salto Encantado,2886
2016-10-01,Parque Tematico de la Cruz,2319
2016-11-01,Reducciones Jesuiticas,10889
2016-11-01,Espectaculo de Imagen y Sonido,1070
2016-11-01,Parque Provincial Mocona,1436
2016-11-01,Parque Provincial Salto Encantado,1738
2016-11-01,Parque Tematico de la Cruz,992
2016-12-01,Reducciones Jesuiticas,12929
2016-12-01,Espectaculo de Imagen y Sonido,990
2016-12-01,Parque Provincial Mocona,1850
2016-12-01,Parque Provincial Salto Encantado,2418
2016-12-01,Parque Tematico de la Cruz,1218
2017-01-01,Reducciones Jesuiticas,20461
2017-01-01,Espectaculo de Imagen y Sonido,2016
2017-01-01,Parque Provincial Mocona,6039
2017-01-01,Parque Provincial Salto Encantado,7789
2017-01-01,Parque Tematico de la Cruz,4086
2017-02-01,Reducciones Jesuiticas,17166
2017-02-01,Espectaculo de Imagen y Sonido,1575
2017-02-01,Parque Provincial Mocona,4518
2017-02-01,Parque Provincial Salto Encantado,4927
2017-02-01,Parque Tematico de la Cruz,3366
2017-03-01,Reducciones Jesuiticas,10563
2017-03-01,Espectaculo de Imagen y Sonido,509
2017-03-01,Parque Provincial Mocona,1830
2017-03-01,Parque Provincial Salto Encantado,1836
2017-03-01,Parque Tematico de la Cruz,1244
2017-04-01,Reducciones Jesuiticas,17301
2017-04-01,Espectaculo de Imagen y Sonido,1330
2017-04-01,Parque Provincial Mocona,2290
2017-04-01,Parque Provincial Salto Encantado,2787
2017-04-01,Parque Tematico de la Cruz,3546
2017-05-01,Reducciones Jesuiticas,10318
2017-05-01,Espectaculo de Imagen y Sonido,520
2017-05-01,Parque Provincial Mocona,507
2017-05-01,Parque Provincial Salto Encantado,1243
2017-05-01,Parque Tematico de la Cruz,1142
2017-06-01,Reducciones Jesuiticas,9452
2017-06-01,Espectaculo de Imagen y Sonido,845
2017-06-01,Parque Provincial Mocona,200
2017-06-01,Parque Provincial Salto Encantado,911
2017-06-01,Parque Tematico de la Cruz,1248
2017-07-01,Reducciones Jesuiticas,41724
2017-07-01,Espectaculo de Imagen y Sonido,4070
2017-07-01,Parque Provincial Mocona,7014
2017-07-01,Parque Provincial Salto Encantado,5580
2017-07-01,Parque Tematico de la Cruz,5506
2017-08-01,Reducciones Jesuiticas,14052
2017-08-01,Espectaculo de Imagen y Sonido,1517
2017-08-01,Parque Provincial Mocona,1908
2017-08-01,Parque Provincial Salto Encantado,2017
2017-08-01,Parque Tematico de la Cruz,2125
2017-09-01,Reducciones Jesuiticas,19172
2017-09-01,Espectaculo de Imagen y Sonido,2587
2017-09-01,Parque Provincial Mocona,3297
2017-09-01,Parque Provincial Salto Encantado,2316
2017-09-01,Parque Tematico de la Cruz,2302
2017-10-01,Reducciones Jesuiticas,15297
2017-10-01,Espectaculo de Imagen y Sonido,2102
2017-10-01,Parque Provincial Mocona,726
2017-10-01,Parque Provincial Salto Encantado,2563
2017-10-01,Parque Tematico de la Cruz,1377
2017-11-01,Reducciones Jesuiticas,12332
2017-11-01,Espectaculo de Imagen y Sonido,0
2017-11-01,Parque Provincial Mocona,676
2017-11-01,Parque Provincial Salto Encantado,2629
2017-11-01,Parque Tematico de la Cruz,2000
2017-12-01,Reducciones Jesuiticas,8069
2017-12-01,Espectaculo de Imagen y Sonido,0
2017-12-01,Parque Provincial Mocona,1600
2017-12-01,Parque Provincial Salto Encantado,2581
2017-12-01,Parque Tematico de la Cruz,1227
2018-01-01,Reducciones Jesuiticas,22091
2018-01-01,Espectaculo de Imagen y Sonido,0
2018-01-01,Parque Provincial Mocona,2505
2018-01-01,Parque Provincial Salto Encantado,6485
2018-01-01,Parque Tematico de la Cruz,4393
2018-02-01,Reducciones Jesuiticas,19046
2018-02-01,Espectaculo de Imagen y Sonido,334
2018-02-01,Parque Provincial Mocona,4981
2018-02-01,Parque Provincial Salto Encantado,5410
2018-02-01,Parque Tematico de la Cruz,4355
2018-03-01,Reducciones Jesuiticas,14704
2018-03-01,Espectaculo de Imagen y Sonido,431
2018-03-01,Parque Provincial Mocona,1773
2018-03-01,Parque Provincial Salto Encantado,2876
2018-03-01,Parque Tematico de la Cruz,3552
2018-04-01,Reducciones Jesuiticas,16055
2018-04-01,Espectaculo de Imagen y Sonido,1074
2018-04-01,Parque Provincial Mocona,2891
2018-04-01,Parque Provincial Salto Encantado,2983
2018-04-01,Parque Tematico de la Cruz,2994
2018-05-01,Reducciones Jesuiticas,10326
2018-05-01,Espectaculo de Imagen y Sonido,509
2018-05-01,Parque Provincial Mocona,2188
2018-05-01,Parque Provincial Salto Encantado,1489
2018-05-01,Parque Tematico de la Cruz,1885
2018-06-01,Reducciones Jesuiticas,7466
2018-06-01,Espectaculo de Imagen y Sonido,357
2018-06-01,Parque Provincial Mocona,1153
2018-06-01,Parque Provincial Salto Encantado,1054
2018-06-01,Parque Tematico de la Cruz,1257
2018-07-01,Reducciones Jesuiticas,37779
2018-07-01,Espectaculo de Imagen y Sonido,3376
2018-07-01,Parque Provincial Mocona,7398
2018-07-01,Parque Provincial Salto Encantado,4527
2018-07-01,Parque Tematico de la Cruz,4830
2018-08-01,Reducciones Jesuiticas,14538
2018-08-01,Espectaculo de Imagen y Sonido,1673
2018-08-01,Parque Provincial Mocona,2940
2018-08-01,Parque Provincial Salto Encantado,2108
2018-08-01,Parque Tematico de la Cruz,2040
2018-09-01,Reducciones Jesuiticas,17930
2018-09-01,Espectaculo de Imagen y Sonido,2613
2018-09-01,Parque Provincial Mocona,2446
2018-09-01,Parque Provincial Salto Encantado,2690
2018-09-01,Parque Tematico de la Cruz,1903
2018-10-01,Reducciones Jesuiticas,16872
2018-10-01,Espectaculo de Imagen y Sonido,2337
2018-10-01,Parque Provincial Mocona,403
2018-10-01,Parque Provincial Salto Encantado,2270
2018-10-01,Parque Tematico de la Cruz,1406
2018-11-01,Reducciones Jesuiticas,11543
2018-11-01,Espectaculo de Imagen y Sonido,491
2018-11-01,Parque Provincial Mocona,365
2018-11-01,Parque Provincial Salto Encantado,2102
2018-11-01,Parque Tematico de la Cruz,933
2018-12-01,Reducciones Jesuiticas,6669
2018-12-01,Espectaculo de Imagen y Sonido,603
2018-12-01,Parque Provincial Mocona,1722
2018-12-01,Parque Provincial Salto Encantado,2428
2018-12-01,Parque Tematico de la Cruz,1108
2019-01-01,Reducciones Jesuiticas,16537
2019-01-01,Espectaculo de Imagen y Sonido,1257
2019-01-01,Parque Provincial Mocona,3483
2019-01-01,Parque Provincial Salto Encantado,6862
2019-01-01,Parque Tematico de la Cruz,3476
2019-02-01,Reducciones Jesuiticas,13768
2019-02-01,Espectaculo de Imagen y Sonido,1088
2019-02-01,Parque Provincial Mocona,3078
2019-02-01,Parque Provincial Salto Encantado,4216
2019-02-01,Parque Tematico de la Cruz,3196
2019-03-01,Reducciones Jesuiticas,11833
2019-03-01,Espectaculo de Imagen y Sonido,316
2019-03-01,Parque Provincial Mocona,2416
2019-03-01,Parque Provincial Salto Encantado,2542
2019-03-01,Parque Tematico de la Cruz,1644
2019-04-01,Reducciones Jesuiticas,15447
2019-04-01,Espectaculo de Imagen y Sonido,111
2019-04-01,Parque Provincial Mocona,3037
2019-04-01,Parque Provincial Salto Encantado,2047
2019-04-01,Parque Tematico de la Cruz,2342
2019-05-01,Reducciones Jesuiticas,9327
2019-05-01,Espectaculo de Imagen y Sonido,99
2019-05-01,Parque Provincial Mocona,558
2019-05-01,Parque Provincial Salto Encantado,1392
2019-05-01,Parque Tematico de la Cruz,1045
2019-06-01,Reducciones Jesuiticas,10693
2019-06-01,Espectaculo de Imagen y Sonido,0
2019-06-01,Parque Provincial Mocona,1137
2019-06-01,Parque Provincial Salto Encantado,2003
2019-06-01,Parque Tematico de la Cruz,1496
2019-07-01,Reducciones Jesuiticas,39038
2019-07-01,Espectaculo de Imagen y Sonido,734
2019-07-01,Parque Provincial Mocona,5582
2019-07-01,Parque Provincial Salto Encantado,4617
2019-07-01,Parque Tematico de la Cruz,4775
2019-08-01,Reducciones Jesuiticas,17180
2019-08-01,Espectaculo de Imagen y Sonido,1112
2019-08-01,Parque Provincial Mocona,1989
2019-08-01,Parque Provincial Salto Encantado,2401
2019-08-01,Parque Tematico de la Cruz,2122
2019-09-01,Reducciones Jesuiticas,18594
2019-09-01,Espectaculo de Imagen y Sonido,2308
2019-09-01,Parque Provincial Mocona,2481
2019-09-01,Parque Provincial Salto Encantado,3257
2019-09-01,Parque Tematico de la Cruz,2019
2019-10-01,Reducciones Jesuiticas,15429
2019-10-01,Espectaculo de Imagen y Sonido,2269
2019-10-01,Parque Provincial Mocona,2659
2019-10-01,Parque Provincial Salto Encantado,2255
2019-10-01,Parque Tematico de la Cruz,1230
2019-11-01,Reducciones Jesuiticas,13158
2019-11-01,Espectaculo de Imagen y Sonido,832
2019-11-01,Parque Provincial Mocona,1080
2019-11-01,Parque Provincial Salto Encantado,2141
2019-11-01,Parque Tematico de la Cruz,1030
2019-12-01,Reducciones Jesuiticas,7490
2019-12-01,Espectaculo de Imagen y Sonido,466
2019-12-01,Parque Provincial Mocona,1780
2019-12-01,Parque Provincial Salto Encantado,2047
2019-12-01,Parque Tematico de la Cruz,1045
2020-01-01,Reducciones Jesuiticas,18588
2020-01-01,Espectaculo de Imagen y Sonido,1589
2020-01-01,Parque Provincial Mocona,5371
2020-01-01,Parque Provincial Salto Encantado,7012
2020-01-01,Parque Tematico de la Cruz,4304
2020-02-01,Reducciones Jesuiticas,16727
2020-02-01,Espectaculo de Imagen y Sonido,1259
2020-02-01,Parque Provincial Mocona,5110
2020-02-01,Parque Provincial Salto Encantado,6041
2020-02-01,Parque Tematico de la Cruz,4099
2020-03-01,Reducciones Jesuiticas,4542
2020-03-01,Espectaculo de Imagen y Sonido,236
2020-03-01,Parque Provincial Mocona,1280
2020-03-01,Parque Provincial Salto Encantado,1095
2020-03-01,Parque Tematico de la Cruz,1066
2020-04-01,Reducciones Jesuiticas,0
2020-04-01,Espectaculo de Imagen y Sonido,0
2020-04-01,Parque Provincial Mocona,0
2020-04-01,Parque Provincial Salto Encantado,0
2020-04-01,Parque Tematico de la Cruz,0
2020-05-01,Reducciones Jesuiticas,0
2020-05-01,Espectaculo de Imagen y Sonido,0
2020-05-01,Parque Provincial Mocona,0
2020-05-01,Parque Provincial Salto Encantado,0
2020-05-01,Parque Tematico de la Cruz,0
2020-06-01,Reducciones Jesuiticas,0
2020-06-01,Espectaculo de Imagen y Sonido,0
2020-06-01,Parque Provincial Mocona,0
2020-06-01,Parque Provincial Salto Encantado,0
2020-06-01,Parque Tematico de la Cruz,0
2020-07-01,Reducciones Jesuiticas,125
2020-07-01,Espectaculo de Imagen y Sonido,0
2020-07-01,Parque Provincial Mocona,59
2020-07-01,Parque Provincial Salto Encantado,0
2020-07-01,Parque Tematico de la Cruz,234
2020-08-01,Reducciones Jesuiticas,1009
2020-08-01,Espectaculo de Imagen y Sonido,0
2020-08-01,Parque Provincial Mocona,1635
2020-08-01,Parque Provincial Salto Encantado,2273
2020-08-01,Parque Tematico de la Cruz,2658
2020-09-01,Reducciones Jesuiticas,382
2020-09-01,Espectaculo de Imagen y Sonido,0
2020-09-01,Parque Provincial Mocona,1628
2020-09-01,Parque Provincial Salto Encantado,295
2020-09-01,Parque Tematico de la Cruz,1390
2020-10-01,Reducciones Jesuiticas,466
2020-10-01,Espectaculo de Imagen y Sonido,0
2020-10-01,Parque Provincial Mocona,2375
2020-10-01,Parque Provincial Salto Encantado,965
2020-10-01,Parque Tematico de la Cruz,1587
2020-11-01,Reducciones Jesuiticas,534
2020-11-01,Espectaculo de Imagen y Sonido,0
2020-11-01,Parque Provincial Mocona,3523
2020-11-01,Parque Provincial Salto Encantado,1515
2020-11-01,Parque Tematico de la Cruz,1527
2020-12-01,Reducciones Jesuiticas,717
2020-12-01,Espectaculo de Imagen y Sonido,83
2020-12-01,Parque Provincial Mocona,3647
2020-12-01,Parque Provincial Salto Encantado,1671
2020-12-01,Parque Tematico de la Cruz,1726
2021-01-01,Reducciones Jesuiticas,5180
2021-01-01,Espectaculo de Imagen y Sonido,333
2021-01-01,Parque Provincial Mocona,8634
2021-01-01,Parque Provincial Salto Encantado,5225
2021-01-01,Parque Tematico de la Cruz,4942
2021-02-01,Reducciones Jesuiticas,6665
2021-02-01,Espectaculo de Imagen y Sonido,702
2021-02-01,Parque Provincial Mocona,9214
2021-02-01,Parque Provincial Salto Encantado,6467
2021-02-01,Parque Tematico de la Cruz,6272
2021-03-01,Reducciones Jesuiticas,5652
2021-03-01,Espectaculo de Imagen y Sonido,345
2021-03-01,Parque Provincial Mocona,4765
2021-03-01,Parque Provincial Salto Encantado,2761
2021-03-01,Parque Tematico de la Cruz,2578
2021-04-01,Reducciones Jesuiticas,5666
2021-04-01,Espectaculo de Imagen y Sonido,489
2021-04-01,Parque Provincial Mocona,4479
2021-04-01,Parque Provincial Salto Encantado,2817
2021-04-01,Parque Tematico de la Cruz,4623
2021-05-01,Reducciones Jesuiticas,2299
2021-05-01,Espectaculo de Imagen y Sonido,191
2021-05-01,Parque Provincial Mocona,2441
2021-05-01,Parque Provincial Salto Encantado,1135
2021-05-01,Parque Tematico de la Cruz,3725
2021-06-01,Reducciones Jesuiticas,1275
2021-06-01,Espectaculo de Imagen y Sonido,60
2021-06-01,Parque Provincial Mocona,800
2021-06-01,Parque Provincial Salto Encantado,618
2021-06-01,Parque Tematico de la Cruz,1663
2021-07-01,Reducciones Jesuiticas,10539
2021-07-01,Espectaculo de Imagen y Sonido,1562
2021-07-01,Parque Provincial Mocona,9469
2021-07-01,Parque Provincial Salto Encantado,6052
2021-07-01,Parque Tematico de la Cruz,10718
2021-08-01,Reducciones Jesuiticas,8513
2021-08-01,Espectaculo de Imagen y Sonido,981
2021-08-01,Parque Provincial Mocona,6674
2021-08-01,Parque Provincial Salto Encantado,4238
2021-08-01,Parque Tematico de la Cruz,7333
2021-09-01,Reducciones Jesuiticas,8303
2021-09-01,Espectaculo de Imagen y Sonido,507
2021-09-01,Parque Provincial Mocona,5113
2021-09-01,Parque Provincial Salto Encantado,2798
2021-09-01,Parque Tematico de la Cruz,3305
2021-10-01,Reducciones Jesuiticas,6167
2021-10-01,Espectaculo de Imagen y Sonido,165
2021-10-01,Parque Provincial Mocona,3179
2021-10-01,Parque Provincial Salto Encantado,4187
2021-10-01,Parque Tematico de la Cruz,5873
2021-11-01,Reducciones Jesuiticas,12981
2021-11-01,Espectaculo de Imagen y Sonido,924
2021-11-01,Parque Provincial Mocona,6074
2021-11-01,Parque Provincial Salto Encantado,3350
2021-11-01,Parque Tematico de la Cruz,4115
2021-12-01,Reducciones Jesuiticas,10092
2021-12-01,Espectaculo de Imagen y Sonido,673
2021-12-01,Parque Provincial Mocona,5463
2021-12-01,Parque Provincial Salto Encantado,3434
2021-12-01,Parque Tematico de la Cruz,3217
2022-01-01,Reducciones Jesuiticas,18987
2022-01-01,Espectaculo de Imagen y Sonido,2061
2022-01-01,Parque Provincial Mocona,17476
2022-01-01,Parque Provincial Salto Encantado,6723
2022-01-01,Parque Tematico de la Cruz,7005
2022-02-01,Reducciones Jesuiticas,22779
2022-02-01,Espectaculo de Imagen y Sonido,1906
2022-02-01,Parque Provincial Mocona,13014
2022-02-01,Parque Provincial Salto Encantado,4487
2022-02-01,Parque Tematico de la Cruz,5775
2022-03-01,Reducciones Jesuiticas,14176
2022-03-01,Espectaculo de Imagen y Sonido,228
2022-03-01,Parque Provincial Mocona,3881
2022-03-01,Parque Provincial Salto Encantado,2168
2022-03-01,Parque Tematico de la Cruz,2578
2022-04-01,Reducciones Jesuiticas,20059
2022-04-01,Espectaculo de Imagen y Sonido,785
2022-04-01,Parque Provincial Mocona,1667
2022-04-01,Parque Provincial Salto Encantado,3164
2022-04-01,Parque Tematico de la Cruz,5633
2022-05-01,Reducciones Jesuiticas,12266
2022-05-01,Espectaculo de Imagen y Sonido,582
2022-05-01,Parque Provincial Mocona,1531
2022-05-01,Parque Provincial Salto Encantado,1705
2022-05-01,Parque Tematico de la Cruz,3306
2022-06-01,Reducciones Jesuiticas,14557
2022-06-01,Espectaculo de Imagen y Sonido,851
2022-06-01,Parque Provincial Mocona,382
2022-06-01,Parque Provincial Salto Encantado,2156
2022-06-01,Parque Tematico de la Cruz,3956
2022-07-01,Reducciones Jesuiticas,41479
2022-07-01,Espectaculo de Imagen y Sonido,2961
2022-07-01,Parque Provincial Mocona,10142
2022-07-01,Parque Provincial Salto Encantado,6539
2022-07-01,Parque Tematico de la Cruz,13017
2022-08-01,Reducciones Jesuiticas,14947
2022-08-01,Espectaculo de Imagen y Sonido,1294
2022-08-01,Parque Provincial Mocona,3128
2022-08-01,Parque Provincial Salto Encantado,2475
2022-08-01,Parque Tematico de la Cruz,5640
2022-09-01,Reducciones Jesuiticas,21002
2022-09-01,Espectaculo de Imagen y Sonido,2789
2022-09-01,Parque Provincial Mocona,5160
2022-09-01,Parque Provincial Salto Encantado,2222
2022-09-01,Parque Tematico de la Cruz,6839
2022-10-01,Reducciones Jesuiticas,15328
2022-10-01,Espectaculo de Imagen y Sonido,1448
2022-10-01,Parque Provincial Mocona,652
2022-10-01,Parque Provincial Salto Encantado,3442
2022-10-01,Parque Tematico de la Cruz,8379
2022-11-01,Reducciones Jesuiticas,15997
2022-11-01,Espectaculo de Imagen y Sonido,1641
2022-11-01,Parque Provincial Mocona,3149
2022-11-01,Parque Provincial Salto Encantado,2009
2022-11-01,Parque Tematico de la Cruz,7679
2022-12-01,Reducciones Jesuiticas,8520
2022-12-01,Espectaculo de Imagen y Sonido,646
2022-12-01,Parque Provincial Mocona,3389
2022-12-01,Parque Provincial Salto Encantado,2178
2022-12-01,Parque Tematico de la Cruz,2673
2023-01-01,Reducciones Jesuiticas,24096
2023-01-01,Espectaculo de Imagen y Sonido,2338
2023-01-01,Parque Provincial Mocona,11960
2023-01-01,Parque Provincial Salto Encantado,6836
2023-01-01,Parque Tematico de la Cruz,7450
2023-02-01,Reducciones Jesuiticas,21025
2023-02-01,Espectaculo de Imagen y Sonido,2067
2023-02-01,Parque Provincial Mocona,8695
2023-02-01,Parque Provincial Salto Encantado,5757
2023-02-01,Parque Tematico de la Cruz,7858
2023-03-01,Reducciones Jesuiticas,12363
2023-03-01,Espectaculo de Imagen y Sonido,1156
2023-03-01,Parque Provincial Mocona,4105
2023-03-01,Parque Provincial Salto Encantado,2135
2023-03-01,Parque Tematico de la Cruz,3326
2023-04-01,Reducciones Jesuiticas,18702
2023-04-01,Espectaculo de Imagen y Sonido,1529
2023-04-01,Parque Provincial Mocona,6124
2023-04-01,Parque Provincial Salto Encantado,3337
2023-04-01,Parque Tematico de la Cruz,8141
2023-05-01,Reducciones Jesuiticas,13980
2023-05-01,Espectaculo de Imagen y Sonido,1388
2023-05-01,Parque Provincial Mocona,3803
2023-05-01,Parque Provincial Salto Encantado,2179
2023-05-01,Parque Tematico de la Cruz,4352
2023-06-01,Reducciones Jesuiticas,18194
2023-06-01,Espectaculo de Imagen y Sonido,1650
2023-06-01,Parque Provincial Mocona,4145
2023-06-01,Parque Provincial Salto Encantado,2847
2023-06-01,Parque Tematico de la Cruz,6315
2023-07-01,Reducciones Jesuiticas,44123
2023-07-01,Espectaculo de Imagen y Sonido,3986
2023-07-01,Parque Provincial Mocona,6993
2023-07-01,Parque Provincial Salto Encantado,7348
2023-07-01,Parque Tematico de la Cruz,12621
2023-08-01,Reducciones Jesuiticas,15314
2023-08-01,Espectaculo de Imagen y Sonido,2279
2023-08-01,Parque Provincial Mocona,3714
2023-08-01,Parque Provincial Salto Encantado,2987
2023-08-01,Parque Tematico de la Cruz,5607
2023-09-01,Reducciones Jesuiticas,17095
2023-09-01,Espectaculo de Imagen y Sonido,2362
2023-09-01,Parque Provincial Mocona,2181
2023-09-01,Parque Provincial Salto Encantado,3534
2023-09-01,Parque Tematico de la Cruz,6603
2023-10-01,Reducciones Jesuiticas,23017
2023-10-01,Espectaculo de Imagen y Sonido,2633
2023-10-01,Parque Provincial Mocona,270
2023-10-01,Parque Provincial Salto Encantado,2772
2023-10-01,Parque Tematico de la Cruz,5213
2023-11-01,Reducciones Jesuiticas,13548
2023-11-01,Espectaculo de Imagen y Sonido,1012
2023-11-01,Parque Provincial Mocona,0
2023-11-01,Parque Provincial Salto Encantado,1692
2023-11-01,Parque Tematico de la Cruz,4230
2023-12-01,Reducciones Jesuiticas,8056
2023-12-01,Espectaculo de Imagen y Sonido,654
2023-12-01,Parque Provincial Mocona,279
2023-12-01,Parque Provincial Salto Encantado,1786
2023-12-01,Parque Tematico de la Cruz,2966
2024-01-01,Reducciones Jesuiticas,15467
2024-01-01,Espectaculo de Imagen y Sonido,1752
2024-01-01,Parque Provincial Mocona,3398
2024-01-01,Parque Provincial Salto Encantado,5073
2024-01-01,Parque Tematico de la Cruz,4557
2024-02-01,Reducciones Jesuiticas,11319
2024-02-01,Espectaculo de Imagen y Sonido,1240
2024-02-01,Parque Provincial Mocona,3998
2024-02-01,Parque Provincial Salto Encantado,2943
2024-02-01,Parque Tematico de la Cruz,3507
2024-03-01,Reducciones Jesuiticas,12219
2024-03-01,Espectaculo de Imagen y Sonido,1270
2024-03-01,Parque Provincial Mocona,2615
2024-03-01,Parque Provincial Salto Encantado,2226
2024-03-01,Parque Tematico de la Cruz,3962
2024-04-01,Reducciones Jesuiticas,7560
2024-04-01,Espectaculo de Imagen y Sonido,689
2024-04-01,Parque Provincial Mocona,1218
2024-04-01,Parque Provincial Salto Encantado,1315
2024-04-01,Parque Tematico de la Cruz,1806
2024-05-01,Reducciones Jesuiticas,5681
2024-05-01,Espectaculo de Imagen y Sonido,435
2024-05-01,Parque Provincial Mocona,39
2024-05-01,Parque Provincial Salto Encantado,1480
2024-05-01,Parque Tematico de la Cruz,1473
2024-06-01,Reducciones Jesuiticas,9326
2024-06-01,Espectaculo de Imagen y Sonido,852
2024-06-01,Parque Provincial Mocona,596
2024-06-01,Parque Provincial Salto Encantado,1968
2024-06-01,Parque Tematico de la Cruz,4242
2024-07-01,Reducciones Jesuiticas,27184
2024-07-01,Espectaculo de Imagen y Sonido,2351
2024-07-01,Parque Provincial Mocona,2138
2024-07-01,Parque Provincial Salto Encantado,3888
2024-07-01,Parque Tematico de la Cruz,7390
2024-08-01,Reducciones Jesuiticas,8804
2024-08-01,Espectaculo de Imagen y Sonido,1590
2024-08-01,Parque Provincial Mocona,1815
2024-08-01,Parque Provincial Salto Encantado,1908
2024-08-01,Parque Tematico de la Cruz,4194
2024-09-01,Reducciones Jesuiticas,13879
2024-09-01,Espectaculo de Imagen y Sonido,NA
2024-09-01,Parque Provincial Mocona,3455
2024-09-01,Parque Provincial Salto Encantado,2557
2024-09-01,Parque Tematico de la Cruz,5290
2024-10-01,Reducciones Jesuiticas,15445
2024-10-01,Espectaculo de Imagen y Sonido,NA
2024-10-01,Parque Provincial Mocona,1640
2024-10-01,Parque Provincial Salto Encantado,2240
2024-10-01,Parque Tematico de la Cruz,5505
2024-11-01,Reducciones Jesuiticas,11884
2024-11-01,Espectaculo de Imagen y Sonido,NA
2024-11-01,Parque Provincial Mocona,1681
2024-11-01,Parque Provincial Salto Encantado,2023
2024-11-01,Parque Tematico de la Cruz,3775
2024-12-01,Reducciones Jesuiticas,5180
2024-12-01,Espectaculo de Imagen y Sonido,NA
2024-12-01,Parque Provincial Mocona,1291
2024-12-01,Parque Provincial Salto Encantado,1777
2024-12-01,Parque Tematico de la Cruz,3012
